datetime,value
2018-01-01,10.00628651105467
2018-01-02,9.996087052879009
2018-01-03,10.037404704471525
2018-01-04,10.013317813739523
2018-01-05,9.983975515952032
2018-01-06,10.031520836554996
2018-01-07,10.08131809062043
2018-01-08,10.066143030823177
2018-01-09,9.986265991131553
2018-01-10,9.96083731389221
2018-01-11,9.995591153833491
2018-01-12,10.031457513872478
2018-01-13,9.915764858990658
2018-01-14,10.023689841965485
2018-01-15,9.974933753212223
2018-01-16,10.003201663474156
2018-01-17,10.015172679362454
2018-01-18,10.02912510056857
2018-01-19,10.068059018373274
2018-01-20,10.102122472246325
2018-01-21,10.046070343019744
2018-01-22,10.123300519023289
2018-01-23,10.024176920776739
2018-01-24,10.077449555438715
2018-01-25,10.107462102421536
2018-01-26,10.069379955720663
2018-01-27,10.029870401164958
2018-01-28,10.023299469470128
2018-01-29,10.048813257644577
2018-01-30,10.08499564375644
2018-01-31,10.025762945227244
2018-02-01,10.068013779211427
2018-02-02,10.072709864974385
2018-02-03,10.109880932351356
2018-02-04,10.095707262380651
2018-02-05,10.104845855144436
2018-02-06,10.056455117466465
2018-02-07,10.084700773766544
2018-02-08,10.132379890397527
2018-02-09,10.169816274633053
2018-02-10,10.034118176069079
2018-02-11,10.174656718252605
2018-02-12,10.168104936958633
2018-02-13,10.141688160735077
2018-02-14,10.11761682670707
2018-02-15,10.090428641241788
2018-02-16,10.180715100003889
2018-02-17,10.207474089664771
2018-02-18,10.2011471390816
2018-02-19,10.178381221583933
2018-02-20,10.132011422848969
2018-02-21,10.055197899195395
2018-02-22,10.116816953803273
2018-02-23,10.1512429931627
2018-02-24,10.055333884317392
2018-02-25,10.140793279492915
2018-02-26,10.143767484896342
2018-02-27,10.158264875778459
2018-02-28,10.065396021908596
2018-03-01,10.092606153635518
2018-03-02,10.104908518042372
2018-03-03,10.069228289114054
2018-03-04,10.21562347325454
2018-03-05,10.104744328748156
2018-03-06,10.146820738758915
2018-03-07,10.118223159463156
2018-03-08,10.211051644119442
2018-03-09,10.198568509422374
2018-03-10,10.164836375928195
2018-03-11,10.023556954739535
2018-03-12,10.136842631346013
2018-03-13,10.168878882808047
2018-03-14,10.185290342770784
2018-03-15,10.104538562329303
2018-03-16,10.226819769602857
2018-03-17,10.06992626920426
2018-03-18,10.10304307218308
2018-03-19,10.182986394331278
2018-03-20,10.138743557093434
2018-03-21,10.236409657663485
2018-03-22,10.145657238672442
2018-03-23,10.10445466864571
2018-03-24,10.117060947834466
2018-03-25,10.081148052566226
2018-03-26,10.071528917806376
2018-03-27,10.16658226497173
2018-03-28,10.163709823717008
2018-03-29,10.198910294273025
2018-03-30,10.095923778159863
2018-03-31,10.217521983174272
2018-04-01,10.118050548122104
2018-04-02,10.21043441981843
2018-04-03,10.10930952211319
2018-04-04,10.093350199074134
2018-04-05,10.141729944061124
2018-04-06,10.179870443595142
2018-04-07,10.135346241177595
2018-04-08,10.096958227817376
2018-04-09,10.058053615765457
2018-04-10,10.053859658481034
2018-04-11,10.14783214178083
2018-04-12,10.170887387710081
2018-04-13,10.111832311630165
2018-04-14,10.064915851095515
2018-04-15,10.160815198247805
2018-04-16,10.051614547392735
2018-04-17,10.078394381966907
2018-04-18,10.143454857317298
2018-04-19,9.998195984458599
2018-04-20,10.12826378375668
2018-04-21,10.078049003546642
2018-04-22,10.110724567729065
2018-04-23,10.09954917193754
2018-04-24,10.111458109761696
2018-04-25,10.134023969888277
2018-04-26,10.059305091093671
2018-04-27,10.166126505373558
2018-04-28,10.129181952963851
2018-04-29,10.132810219126078
2018-04-30,10.146560016257789
2018-05-01,10.125336829368747
2018-05-02,10.125749800071944
2018-05-03,10.084862333260684
2018-05-04,10.007229593326441
2018-05-05,10.06925103320713
2018-05-06,10.034912465425666
2018-05-07,9.999586477682193
2018-05-08,10.08093260101042
2018-05-09,10.036820492544802
2018-05-10,10.01094795165635
2018-05-11,10.007431142624972
2018-05-12,10.070098512684067
2018-05-13,10.071661795254244
2018-05-14,10.116856339044768
2018-05-15,10.046998393605946
2018-05-16,10.096702848452775
2018-05-17,10.111597598561064
2018-05-18,10.095823603128569
2018-05-19,9.916839274175604
2018-05-20,10.093286716780037
2018-05-21,10.045541246992007
2018-05-22,10.046416937633758
2018-05-23,10.040419036895806
2018-05-24,10.037586769106793
2018-05-25,10.030973603991777
2018-05-26,9.993574745016954
2018-05-27,9.912920508151
2018-05-28,9.999003564609206
2018-05-29,9.960675732292119
2018-05-30,10.051250355383548
2018-05-31,9.979151406193548
2018-06-01,9.994079592681857
2018-06-02,9.943711036394392
2018-06-03,9.95691601432498
2018-06-04,9.978097469561
2018-06-05,9.900604425411474
2018-06-06,9.986079483320198
2018-06-07,9.961887550869298
2018-06-08,9.904025921873043
2018-06-09,9.839496757233992
2018-06-10,9.9811341697198
2018-06-11,9.936653138996185
2018-06-12,9.921061261483043
2018-06-13,9.93176280937447
2018-06-14,10.03038367446584
2018-06-15,9.93304060944874
2018-06-16,9.9358148170487
2018-06-17,9.853066798733668
2018-06-18,10.005708357898236
2018-06-19,9.965122126514984
2018-06-20,9.968487144547273
2018-06-21,9.91340405744076
2018-06-22,9.952721524320209
2018-06-23,9.921293836888697
2018-06-24,9.929254010635605
2018-06-25,9.886824329741188
2018-06-26,9.816571371005733
2018-06-27,9.937533659149498
2018-06-28,9.78516253062451
2018-06-29,9.865728663330968
2018-06-30,9.863310788414038
2018-07-01,9.817202772041725
2018-07-02,9.895809272052496
2018-07-03,9.850943456222119
2018-07-04,9.834923861157451
2018-07-05,9.878568230243124
2018-07-06,9.824558607606473
2018-07-07,9.913651542815183
2018-07-08,9.857594868578293
2018-07-09,9.812130638778711
2018-07-10,9.734465830067384
2018-07-11,9.762130839940552
2018-07-12,9.877708100632706
2018-07-13,9.816694068493717
2018-07-14,9.80093638236411
2018-07-15,9.893135236043385
2018-07-16,9.742732866981799
2018-07-17,9.773488761955766
2018-07-18,9.775063230472902
2018-07-19,9.823946066705556
2018-07-20,9.757405638711342
2018-07-21,9.75588228667578
2018-07-22,9.702285045816891
2018-07-23,9.815018844585206
2018-07-24,9.814887683510664
2018-07-25,9.746812656132422
2018-07-26,9.77487165330145
2018-07-27,9.698168838266993
2018-07-28,9.735331235249534
2018-07-29,9.823965376558924
2018-07-30,9.758026408606968
2018-07-31,9.86295710822273
2018-08-01,9.704306281700521
2018-08-02,9.76893594318958
2018-08-03,9.726431940260102
2018-08-04,9.760814217376351
2018-08-05,9.728510303788672
2018-08-06,9.697190826289653
2018-08-07,9.678282917307602
2018-08-08,9.871412620410908
2018-08-09,9.71072539309817
2018-08-10,9.610277129037444
2018-08-11,9.675234115039842
2018-08-12,9.738157376875472
2018-08-13,9.675884264877935
2018-08-14,9.765575120072953
2018-08-15,9.744380439350595
2018-08-16,9.6833916552476
2018-08-17,9.664186938068378
2018-08-18,9.634388648954443
2018-08-19,9.646503868920464
2018-08-20,9.604761775762832
2018-08-21,9.735599405548493
2018-08-22,9.75191989808884
2018-08-23,9.606628494343257
2018-08-24,9.60744771111539
2018-08-25,9.575249290116995
2018-08-26,9.612672379739472
2018-08-27,9.502786254999329
2018-08-28,9.598275542588706
2018-08-29,9.717570629083786
2018-08-30,9.63282614184606
2018-08-31,9.690273982395006
2018-09-01,9.620581950612623
2018-09-02,9.730600555334906
2018-09-03,9.650116537395505
2018-09-04,9.618696124718854
2018-09-05,9.763110671785903
2018-09-06,9.617012200197529
2018-09-07,9.569974484783994
2018-09-08,9.638984977987677
2018-09-09,9.624855931547435
2018-09-10,9.67807689417708
2018-09-11,9.576697112054793
2018-09-12,9.661088320247066
2018-09-13,9.661619434689863
2018-09-14,9.583783388053146
2018-09-15,9.623572213677068
2018-09-16,9.572171494045252
2018-09-17,9.729355673500427
2018-09-18,9.575271833785793
2018-09-19,9.58629624372811
2018-09-20,9.554187061423159
2018-09-21,9.588759951508177
2018-09-22,9.604417519147628
2018-09-23,9.64180451400841
2018-09-24,9.571653054998075
2018-09-25,9.591709757125395
2018-09-26,9.52905391918402
2018-09-27,9.557447182848128
2018-09-28,9.735605645090393
2018-09-29,9.648934540629813
2018-09-30,9.556917490753149
2018-10-01,9.528294379979531
2018-10-02,9.54561990912208
2018-10-03,9.592608580040041
2018-10-04,9.594782835394136
2018-10-05,9.555240958758862
2018-10-06,9.527601979890413
2018-10-07,9.662580448694316
2018-10-08,9.613635638659701
2018-10-09,9.57197172942416
2018-10-10,9.579374637690274
2018-10-11,9.563697410475875
2018-10-12,9.443196411072089
2018-10-13,9.595664868836078
2018-10-14,9.536295807562254
2018-10-15,9.539688015174455
2018-10-16,9.557866041333167
2018-10-17,9.626608668989988
2018-10-18,9.531638698402954
2018-10-19,9.518679782108117
2018-10-20,9.6226717457222
2018-10-21,9.628739237781566
2018-10-22,9.543471797869334
2018-10-23,9.619991757759891
2018-10-24,9.57779898623566
2018-10-25,9.608008920568993
2018-10-26,9.530514582456705
2018-10-27,9.635879778816971
2018-10-28,9.655124217497237
2018-10-29,9.627594461023667
2018-10-30,9.624490189442758
2018-10-31,9.408844219324095
2018-11-01,9.611426159478912
2018-11-02,9.598110510294104
2018-11-03,9.593069498948477
2018-11-04,9.569982236783257
2018-11-05,9.605418565693627
2018-11-06,9.62444462662945
2018-11-07,9.59188647201742
2018-11-08,9.5831948920379
2018-11-09,9.669181500666344
2018-11-10,9.55380504070553
2018-11-11,9.662006985609954
2018-11-12,9.620811277398769
2018-11-13,9.573271740916928
2018-11-14,9.600548566136505
2018-11-15,9.570652202545379
2018-11-16,9.652052216621696
2018-11-17,9.637383362658177
2018-11-18,9.59387920258
2018-11-19,9.568379550875497
2018-11-20,9.6403876954338
2018-11-21,9.67502180735471
2018-11-22,9.623349786384887
2018-11-23,9.65188596420071
2018-11-24,9.614130582106316
2018-11-25,9.638310061377553
2018-11-26,9.622402363021195
2018-11-27,9.653737943984572
2018-11-28,9.565650124621143
2018-11-29,9.675483929570683
2018-11-30,9.63394531697799
2018-12-01,9.66557090195572
2018-12-02,9.632853695750773
2018-12-03,9.66814522841403
2018-12-04,9.600785367393875
2018-12-05,9.716185038869638
2018-12-06,9.573890463513752
2018-12-07,9.609471774956686
2018-12-08,9.675607766666301
2018-12-09,9.739381118853428
2018-12-10,9.682582717167595
2018-12-11,9.658740288268504
2018-12-12,9.602361473199156
2018-12-13,9.666552419532566
2018-12-14,9.67764171442159
2018-12-15,9.765701380408206
2018-12-16,9.714833689103234
2018-12-17,9.609843381572512
2018-12-18,9.790222710715547
2018-12-19,9.67173313759121
2018-12-20,9.65012367307045
2018-12-21,9.770462974227494
2018-12-22,9.696870391553057
2018-12-23,9.683634539114848
2018-12-24,9.715599603053121
2018-12-25,9.749568512880336
2018-12-26,9.759661778386823
2018-12-27,9.643911852716107
2018-12-28,9.815278145431762
2018-12-29,9.765383328046175
2018-12-30,9.701769431478246
2018-12-31,9.68248776790862
2019-01-01,9.677662434990355
2019-01-02,9.734974274450645
2019-01-03,9.699095813768144
2019-01-04,9.695942166145807
2019-01-05,9.777434761385434
2019-01-06,9.757782507529102
2019-01-07,9.722502581971002
2019-01-08,9.781614419004246
2019-01-09,9.81593474076545
2019-01-10,9.695496628341294
2019-01-11,9.722703339281509
2019-01-12,9.802635363444375
2019-01-13,9.794076482541616
2019-01-14,9.772077424512277
2019-01-15,9.821463416481064
2019-01-16,9.711517501281639
2019-01-17,9.69454179334503
2019-01-18,9.727727797051445
2019-01-19,9.779717752859636
2019-01-20,9.736305521547697
2019-01-21,9.754249224873977
2019-01-22,9.732340396069056
2019-01-23,9.75252825374959
2019-01-24,9.73574774751268
2019-01-25,9.806774960154488
2019-01-26,9.830536950760045
2019-01-27,9.769136123185
2019-01-28,9.78513550503778
2019-01-29,9.768760976830613
2019-01-30,9.82666150489301
2019-01-31,9.806809712869407
2019-02-01,9.884293459500187
2019-02-02,9.752010570166497
2019-02-03,9.82707683460488
2019-02-04,9.833286932765933
2019-02-05,9.79516826767116
2019-02-06,9.844436310834784
2019-02-07,9.745368379529927
2019-02-08,9.92523432495919
2019-02-09,9.754155551235957
2019-02-10,9.869174872230795
2019-02-11,9.769017452096953
2019-02-12,9.884468373859368
2019-02-13,9.809496945897871
2019-02-14,9.838428247076981
2019-02-15,9.83490502628221
2019-02-16,9.888963827106545
2019-02-17,9.819496857863392
2019-02-18,9.688819266617362
2019-02-19,9.800736150372256
2019-02-20,9.849441074998733
2019-02-21,9.819703477094256
2019-02-22,9.881643759553581
2019-02-23,9.895298652735871
2019-02-24,9.838476423538143
2019-02-25,9.772667963292953
2019-02-26,9.917595612183788
2019-02-27,9.90372847111392
2019-02-28,9.835755420061366
2019-03-01,9.957218759335372
2019-03-02,9.835399563923165
2019-03-03,9.796975455010044
2019-03-04,9.846974464238748
2019-03-05,9.909544607473816
2019-03-06,9.809612641687044
2019-03-07,9.954826097152289
2019-03-08,9.813164745978998
2019-03-09,9.906384630415609
2019-03-10,9.886504920025372
2019-03-11,9.85214265232099
2019-03-12,9.914380888097172
2019-03-13,9.785817690354074
2019-03-14,9.929083909853597
2019-03-15,9.858362769644435
2019-03-16,9.834710495471528
2019-03-17,9.899519576635194
2019-03-18,9.915227480482068
2019-03-19,9.900836722985023
2019-03-20,9.962379073982683
2019-03-21,9.91643938881199
2019-03-22,9.926519667196104
2019-03-23,9.835234232824758
2019-03-24,9.867378368477473
2019-03-25,9.889967544091727
2019-03-26,9.860638870818807
2019-03-27,9.876256508620244
2019-03-28,9.882069827931362
2019-03-29,9.90250760571331
2019-03-30,9.854686679712621
2019-03-31,9.841689706310758
2019-04-01,9.817117207529973
2019-04-02,9.813240446097353
2019-04-03,9.9156844323679
2019-04-04,9.85201134581939
2019-04-05,9.894700951065982
2019-04-06,9.789542653562794
2019-04-07,9.756500413478134
2019-04-08,9.799893164001807
2019-04-09,9.90855900637303
2019-04-10,9.903452597746792
2019-04-11,9.865412986207955
2019-04-12,9.807406285066058
2019-04-13,9.8396199657114
2019-04-14,9.829859126545255
2019-04-15,9.826027479840215
2019-04-16,9.716443809290947
2019-04-17,9.797264523950025
2019-04-18,9.829011577384446
2019-04-19,9.912637489156198
2019-04-20,9.843095513363217
2019-04-21,9.903288516208521
2019-04-22,9.811688293945464
2019-04-23,9.816812875714454
2019-04-24,9.632494360035045
2019-04-25,9.848594946541542
2019-04-26,9.850691418233824
2019-04-27,9.909378414264195
2019-04-28,9.794652259505087
2019-04-29,9.821444350349031
2019-04-30,9.779153475994448
2019-05-01,9.753257621565702
2019-05-02,9.77400352423443
2019-05-03,9.789945783047514
2019-05-04,9.872453243837683
2019-05-05,9.802226924865915
2019-05-06,9.759974013479372
2019-05-07,9.803930514048314
2019-05-08,9.805001585771038
2019-05-09,9.7575494189817
2019-05-10,9.845712911416665
2019-05-11,9.69127680860798
2019-05-12,9.772113483822737
2019-05-13,9.813094557605453
2019-05-14,9.709924896110849
2019-05-15,9.791869870992583
2019-05-16,9.83536856953009
2019-05-17,9.790280976963547
2019-05-18,9.679920380700503
2019-05-19,9.724807774645955
2019-05-20,9.819580757473343
2019-05-21,9.769590065361104
2019-05-22,9.750848479594856
2019-05-23,9.770030752273032
2019-05-24,9.780614415121812
2019-05-25,9.705692687677523
2019-05-26,9.7231134629685
2019-05-27,9.741261012081404
2019-05-28,9.703364471443475
2019-05-29,9.720302803319555
2019-05-30,9.788248829344019
2019-05-31,9.671311794786977
2019-06-01,9.812352016861528
2019-06-02,9.806271609572262
2019-06-03,9.622888222349937
2019-06-04,9.697736045917942
2019-06-05,9.718120819635201
2019-06-06,9.65911472975841
2019-06-07,9.656250194885713
2019-06-08,9.677554183814841
2019-06-09,9.72248036138772
2019-06-10,9.656027927606695
2019-06-11,9.768980088052622
2019-06-12,9.688173438789141
2019-06-13,9.664554833191216
2019-06-14,9.73813591820662
2019-06-15,9.692957774183002
2019-06-16,9.676061249211914
2019-06-17,9.636976479607226
2019-06-18,9.740153741803333
2019-06-19,9.685951863358033
2019-06-20,9.631082890928043
2019-06-21,9.558273519874305
2019-06-22,9.65164941849534
2019-06-23,9.57167254705716
2019-06-24,9.538910315683003
2019-06-25,9.606589458916478
2019-06-26,9.630452380065627
2019-06-27,9.67632805997176
2019-06-28,9.622146160247523
2019-06-29,9.644139529780672
2019-06-30,9.538355834101129
2019-07-01,9.594332226745836
2019-07-02,9.597476737729156
2019-07-03,9.630185307051857
2019-07-04,9.588683367637131
2019-07-05,9.6188931481285
2019-07-06,9.549290653773804
2019-07-07,9.58821334591219
2019-07-08,9.586878491359911
2019-07-09,9.499471558419364
2019-07-10,9.566569066823309
2019-07-11,9.537613429966303
2019-07-12,9.45427522049175
2019-07-13,9.59325766218462
2019-07-14,9.523112758161137
2019-07-15,9.494466208953222
2019-07-16,9.514112548529067
2019-07-17,9.535794723633515
2019-07-18,9.600201145056447
2019-07-19,9.512445599006945
2019-07-20,9.540315830002735
2019-07-21,9.581345204479632
2019-07-22,9.535333098753101
2019-07-23,9.558092638783517
2019-07-24,9.476868279165629
2019-07-25,9.535297016354441
2019-07-26,9.489918912549165
2019-07-27,9.542634762807682
2019-07-28,9.434856970915238
2019-07-29,9.442202997788925
2019-07-30,9.540789507067144
2019-07-31,9.463747791782732
2019-08-01,9.451830943001418
2019-08-02,9.469913399849142
2019-08-03,9.427845415312378
2019-08-04,9.52523344998974
2019-08-05,9.392525795716079
2019-08-06,9.443833888420354
2019-08-07,9.46512445133707
2019-08-08,9.4390014865334
2019-08-09,9.400591325344251
2019-08-10,9.393803760239743
2019-08-11,9.455046923254315
2019-08-12,9.3788444245392
2019-08-13,9.459309878351188
2019-08-14,9.34745844829469
2019-08-15,9.392624427400827
2019-08-16,9.418936944685564
2019-08-17,9.351303194563211
2019-08-18,9.443342299010421
2019-08-19,9.406688311898916
2019-08-20,9.3527283019449
2019-08-21,9.325548236012583
2019-08-22,9.32021844669217
2019-08-23,9.398100151614424
2019-08-24,9.33480341107465
2019-08-25,9.321543959462982
2019-08-26,9.375416851029733
2019-08-27,9.498091177834409
2019-08-28,9.395379565010238
2019-08-29,9.416983857297055
2019-08-30,9.386858742160978
2019-08-31,9.412806935486028
2019-09-01,9.303989027809742
2019-09-02,9.347154648503883
2019-09-03,9.379336237053579
2019-09-04,9.363013455051542
2019-09-05,9.35200286604001
2019-09-06,9.326055045552918
2019-09-07,9.344229553663356
2019-09-08,9.31629264322337
2019-09-09,9.231819089260613
2019-09-10,9.291148300961753
2019-09-11,9.372674511751669
2019-09-12,9.424819427984938
2019-09-13,9.435774076255596
2019-09-14,9.348118396362597
2019-09-15,9.386192251091407
2019-09-16,9.38522104395177
2019-09-17,9.303565367143255
2019-09-18,9.251694876905034
2019-09-19,9.33660738840755
2019-09-20,9.245481969187562
2019-09-21,9.316182591147358
2019-09-22,9.361230231350206
2019-09-23,9.25852463936444
2019-09-24,9.329905213026205
2019-09-25,9.38911241735269
2019-09-26,9.344067067734034
2019-09-27,9.351046435752183
2019-09-28,9.369265344395698
2019-09-29,9.409633591179897
2019-09-30,9.329672903451439
2019-10-01,9.382752341655866
2019-10-02,9.317303646363454
2019-10-03,9.292497738772317
2019-10-04,9.334900550985317
2019-10-05,9.288281402934086
2019-10-06,9.289387298967231
2019-10-07,9.287187548438046
2019-10-08,9.202393212846554
2019-10-09,9.32208816081385
2019-10-10,9.25332898667957
2019-10-11,9.310923533927006
2019-10-12,9.38861017892545
2019-10-13,9.289944817854344
2019-10-14,9.288835626652933
2019-10-15,9.38413075587945
2019-10-16,9.343307506404164
2019-10-17,9.364932994650319
2019-10-18,9.298513733652252
2019-10-19,9.353911072263635
2019-10-20,9.282483769034005
2019-10-21,9.283333762796758
2019-10-22,9.347343753697562
2019-10-23,9.288066271859872
2019-10-24,9.356849591446858
2019-10-25,9.438641595041044
2019-10-26,9.235368026140883
2019-10-27,9.28273789407113
2019-10-28,9.37708163541181
2019-10-29,9.31459994729596
2019-10-30,9.380740740375893
2019-10-31,9.27306782000185
2019-11-01,9.341074937444228
2019-11-02,9.317968016765853
2019-11-03,9.333553366962724
2019-11-04,9.344179993762841
2019-11-05,9.267763055343414
2019-11-06,9.276244938633333
2019-11-07,9.401151136917486
2019-11-08,9.347134841130705
2019-11-09,9.339124183295276
2019-11-10,9.332982716466573
2019-11-11,9.35443940718233
2019-11-12,9.280286873770233
2019-11-13,9.289648713114543
2019-11-14,9.406386129828554
2019-11-15,9.350328700306612
2019-11-16,9.38692709091219
2019-11-17,9.315818130741855
2019-11-18,9.416668336883887
2019-11-19,9.366867442622446
2019-11-20,9.375477238249516
2019-11-21,9.380702050426665
2019-11-22,9.315304198413637
2019-11-23,9.26379535251451
2019-11-24,9.305304862807812
2019-11-25,9.442570800474664
2019-11-26,9.428113763635167
2019-11-27,9.34780282496519
2019-11-28,9.352167990449384
2019-11-29,9.421217753801256
2019-11-30,9.363134503948741
2019-12-01,9.308790561594975
2019-12-02,9.439259413282155
2019-12-03,9.402099154369287
2019-12-04,9.254709578378408
2019-12-05,9.367180869496984
2019-12-06,9.392364259588097
2019-12-07,9.411609113576848
2019-12-08,9.397545079183166
2019-12-09,9.360564971260283
2019-12-10,9.389001506403957
2019-12-11,9.411988783457904
2019-12-12,9.38632883260888
2019-12-13,9.383634273297027
2019-12-14,9.4673528184352
2019-12-15,9.359955620406039
2019-12-16,9.392367310995713
2019-12-17,9.310847631194743
2019-12-18,9.442045310654223
2019-12-19,9.45900991088676
2019-12-20,9.44763405696376
2019-12-21,9.468718522524473
2019-12-22,9.447506573334348
2019-12-23,9.445243495159687
2019-12-24,9.454470713484024
2019-12-25,9.42007170879215
2019-12-26,9.495524417822425
2019-12-27,9.421356425996299
2019-12-28,9.36834953218868
2019-12-29,9.486642485855581
2019-12-30,9.53937768010474
2019-12-31,9.401526261048422
2020-01-01,9.447144556576886
2020-01-02,9.4206463085642
2020-01-03,9.438580522499514
2020-01-04,9.46260356952738
2020-01-05,9.400894675027558
2020-01-06,9.451784513302684
2020-01-07,9.395045832101333
2020-01-08,9.442603713826168
2020-01-09,9.414375383279108
2020-01-10,9.423381465528033
2020-01-11,9.392985455983975
2020-01-12,9.542585057398277
2020-01-13,9.509695465016103
2020-01-14,9.390982336045816
2020-01-15,9.459614033929011
2020-01-16,9.458519214270705
2020-01-17,9.46006453515342
2020-01-18,9.42482204581573
2020-01-19,9.537422890679522
2020-01-20,9.482429727555317
2020-01-21,9.52813063469795
2020-01-22,9.533541246810653
2020-01-23,9.578435033091143
2020-01-24,9.421356551103436
2020-01-25,9.60144481196672
2020-01-26,9.580346217583708
2020-01-27,9.547924776305951
2020-01-28,9.640791462801284
2020-01-29,9.534174591880832
2020-01-30,9.567285946442977
2020-01-31,9.49154926839731
2020-02-01,9.587416541409132
2020-02-02,9.541288527012759
2020-02-03,9.51250475893079
2020-02-04,9.643047379227658
2020-02-05,9.524063349521926
2020-02-06,9.541815727374336
2020-02-07,9.533543570641404
2020-02-08,9.507623684289165
2020-02-09,9.573934450455067
2020-02-10,9.58621804591745
2020-02-11,9.568905268959115
2020-02-12,9.435008365753799
2020-02-13,9.605248553927737
2020-02-14,9.53910824075598
2020-02-15,9.497534724430672
2020-02-16,9.59020422683612
2020-02-17,9.589829757917496
2020-02-18,9.511137823530756
2020-02-19,9.68847393034537
2020-02-20,9.505887187903769
2020-02-21,9.481189808646809
2020-02-22,9.51155720220089
2020-02-23,9.641685351609913
2020-02-24,9.563185234276222
2020-02-25,9.554660455147934
2020-02-26,9.571392527155092
2020-02-27,9.545858157241028
2020-02-28,9.542314862636628
2020-02-29,9.545856620603727
2020-03-01,9.614354169629431
2020-03-02,9.630967291842808
2020-03-03,9.528126564355421
2020-03-04,9.59372737681371
2020-03-05,9.62200873240489
2020-03-06,9.529290302318074
2020-03-07,9.558975783635006
2020-03-08,9.53287336500927
2020-03-09,9.520843430692615
2020-03-10,9.591051705267896
2020-03-11,9.549660677123041
2020-03-12,9.618477140782977
2020-03-13,9.585847280904437
2020-03-14,9.608291395381462
2020-03-15,9.573331168861975
2020-03-16,9.556424061632002
2020-03-17,9.583811929575031
2020-03-18,9.588210201468277
2020-03-19,9.553224164732868
2020-03-20,9.609845914293258
2020-03-21,9.62578713490217
2020-03-22,9.596244621478395
2020-03-23,9.673839780577714
2020-03-24,9.556314521021179
2020-03-25,9.613668860092291
2020-03-26,9.566851063463393
2020-03-27,9.598609121336661
2020-03-28,9.544910999378395
2020-03-29,9.641636349647627
2020-03-30,9.59409376889648
2020-03-31,9.644258271547724
2020-04-01,9.520635340091543
2020-04-02,9.558499167068808
2020-04-03,9.537722186733873
2020-04-04,9.554869695275144
2020-04-05,9.545893417548905
2020-04-06,9.573494828683993
2020-04-07,9.577598424893678
2020-04-08,9.575291471290992
2020-04-09,9.54838558860784
2020-04-10,9.58429537123805
2020-04-11,9.617408623878866
2020-04-12,9.52715937601851
2020-04-13,9.570904638313563
2020-04-14,9.565685659214452
2020-04-15,9.59127808939618
2020-04-16,9.56308097053771
2020-04-17,9.563846837517072
2020-04-18,9.51337436708245
2020-04-19,9.562256608887875
2020-04-20,9.513262933958691
2020-04-21,9.583271908319904
2020-04-22,9.550399414590784
2020-04-23,9.555571423946757
2020-04-24,9.506981967754939
2020-04-25,9.589637570692204
2020-04-26,9.5819192127611
2020-04-27,9.588179573025482
2020-04-28,9.654219003113102
2020-04-29,9.537916961144113
2020-04-30,9.59835367313037
2020-05-01,9.529580588778348
2020-05-02,9.553013130572081
2020-05-03,9.549061270313103
2020-05-04,9.541458989433435
2020-05-05,9.55852711941705
2020-05-06,9.50775286014753
2020-05-07,9.522282688600374
2020-05-08,9.544239560675804
2020-05-09,9.602056981615375
2020-05-10,9.469689476235958
2020-05-11,9.418597140736003
2020-05-12,9.481750036294871
2020-05-13,9.507456000261994
2020-05-14,9.508669094748864
2020-05-15,9.501447862838
2020-05-16,9.552849976412903
2020-05-17,9.539343924016807
2020-05-18,9.484867187298414
2020-05-19,9.460601287738784
2020-05-20,9.463485915566977
2020-05-21,9.459639275398489
2020-05-22,9.462803805374117
2020-05-23,9.392042496072634
2020-05-24,9.444176968853556
2020-05-25,9.442502522435612
2020-05-26,9.45078436684143
2020-05-27,9.443960413440099
2020-05-28,9.48668879485606
2020-05-29,9.422871130015034
2020-05-30,9.4238869594783
2020-05-31,9.469228875666438
2020-06-01,9.426651704894216
2020-06-02,9.4454959871187
2020-06-03,9.464367020619662
2020-06-04,9.448197772420084
2020-06-05,9.435779463061213
2020-06-06,9.40959519871442
2020-06-07,9.449632730334493
2020-06-08,9.420412010623657
2020-06-09,9.382465038529226
2020-06-10,9.396217994649929
2020-06-11,9.338881326334352
2020-06-12,9.3477188552163
2020-06-13,9.297640588639386
2020-06-14,9.353760201877906
2020-06-15,9.450487238037345
2020-06-16,9.351822113274304
2020-06-17,9.414944558492092
2020-06-18,9.371301347688158
2020-06-19,9.332339073098964
2020-06-20,9.430160509693101
2020-06-21,9.388225190364164
2020-06-22,9.2673825799265
2020-06-23,9.402890779708517
2020-06-24,9.292920515956967
2020-06-25,9.333596184135228
2020-06-26,9.37172272590006
2020-06-27,9.319143967481567
2020-06-28,9.385898812731257
2020-06-29,9.363826213916209
2020-06-30,9.24272811162313
2020-07-01,9.293757520470505
2020-07-02,9.327289741010194
2020-07-03,9.28024345643059
2020-07-04,9.293988431441713
2020-07-05,9.340602918260371
2020-07-06,9.312267722463968
2020-07-07,9.246217276067712
2020-07-08,9.296803719644643
2020-07-09,9.253291710167698
2020-07-10,9.218984994880698
2020-07-11,9.219089881950714
2020-07-12,9.285798161560857
2020-07-13,9.265913063404938
2020-07-14,9.263470358815699
2020-07-15,9.201780989848402
2020-07-16,9.245801287504985
2020-07-17,9.1990603469799
2020-07-18,9.20053562400719
2020-07-19,9.23455217384355
2020-07-20,9.169609769596985
2020-07-21,9.26823199203603
2020-07-22,9.355121630004486
2020-07-23,9.249747991095978
2020-07-24,9.170712449609232
2020-07-25,9.205371493373338
2020-07-26,9.137255360282376
2020-07-27,9.192267186978498
2020-07-28,9.232659638757793
2020-07-29,9.232935223269429
2020-07-30,9.148077909246544
2020-07-31,9.210849314539237
2020-08-01,9.249968236660166
2020-08-02,9.27618792396324
2020-08-03,9.14970969395654
2020-08-04,9.137886984224174
2020-08-05,9.180197638322658
2020-08-06,9.027485359951795
2020-08-07,9.143785196457449
2020-08-08,9.153270010675303
2020-08-09,9.14036917722874
2020-08-10,9.080696597083413
2020-08-11,9.144203948189315
2020-08-12,9.114280368590917
2020-08-13,9.187653075928123
2020-08-14,9.100562897893788
2020-08-15,9.12911744360728
2020-08-16,9.128376452007787
2020-08-17,9.165233383428582
2020-08-18,9.006433079074354
2020-08-19,9.113613795762841
2020-08-20,9.16558646149205
2020-08-21,9.106526559927737
2020-08-22,9.045314662566774
2020-08-23,9.13508788158544
2020-08-24,9.132735341340044
2020-08-25,9.099566734734744
2020-08-26,9.052339422755436
2020-08-27,9.070581846200474
2020-08-28,9.089263146703468
2020-08-29,9.058559238587895
2020-08-30,9.003761966291217
2020-08-31,9.058792176914697
2020-09-01,9.091706106818188
2020-09-02,9.067028747936764
2020-09-03,9.086243710425634
2020-09-04,9.091898482522025
2020-09-05,9.130290681086544
2020-09-06,9.193452971499408
2020-09-07,9.11770453295252
2020-09-08,9.008807369204424
2020-09-09,8.944139532210182
2020-09-10,9.070281812902746
2020-09-11,9.07664800849252
2020-09-12,9.013114458925946
2020-09-13,9.08299547256653
2020-09-14,9.029289147054023
2020-09-15,9.08606869158358
2020-09-16,9.048015474216331
2020-09-17,9.08257805449256
2020-09-18,8.974016319262804
2020-09-19,9.03778173182289
2020-09-20,9.050862327999736
2020-09-21,8.985693697284002
2020-09-22,9.149758083209042
2020-09-23,9.027364829753113
2020-09-24,9.12272315456592
2020-09-25,9.01888739600525
2020-09-26,9.039544849468912
2020-09-27,9.109236475818626
2020-09-28,9.064289836352991
2020-09-29,9.057817523408037
2020-09-30,9.060687527521283
2020-10-01,8.978317269896547
2020-10-02,9.02644156239035
2020-10-03,8.997450276338618
2020-10-04,9.05455578447765
2020-10-05,9.016956909763644
2020-10-06,9.041484680413436
2020-10-07,9.039412850988427
2020-10-08,9.041107724213834
2020-10-09,9.04089645504203
2020-10-10,9.009781141169505
2020-10-11,8.989524656651646
2020-10-12,9.008890075070292
2020-10-13,9.095626058135755
2020-10-14,9.060756433505865
2020-10-15,9.071453042688814
2020-10-16,9.111218092126169
2020-10-17,8.98341980522121
2020-10-18,9.068117589222444
2020-10-19,8.989151549759972
2020-10-20,9.026530275662774
2020-10-21,9.067856588454104
2020-10-22,9.124815250308593
2020-10-23,9.005498473689164
2020-10-24,9.040430612118152
2020-10-25,9.103600549714256
2020-10-26,8.971970763437188
2020-10-27,9.06529302858327
2020-10-28,9.032553004778991
2020-10-29,9.004714555841026
2020-10-30,9.05701563134044
2020-10-31,9.080367078174435
2020-11-01,9.006003901068949
2020-11-02,9.071647376439659
2020-11-03,9.062405748819343
2020-11-04,8.99278576470434
2020-11-05,9.133735512776568
2020-11-06,9.111797126591986
2020-11-07,9.015590874685467
2020-11-08,9.030588379039365
2020-11-09,9.099838520812893
2020-11-10,9.037952886406146
2020-11-11,8.972210837007639
2020-11-12,9.118157241857615
2020-11-13,9.067712845144786
2020-11-14,9.164229305290764
2020-11-15,9.0883984599162
2020-11-16,9.081764012085333
2020-11-17,9.217670148463892
2020-11-18,9.067123211587166
2020-11-19,9.029937215571433
2020-11-20,9.090838539047603
2020-11-21,9.138055462061562
2020-11-22,9.024938445003455
2020-11-23,9.03974479722506
2020-11-24,9.10964656905243
2020-11-25,8.929325352063229
2020-11-26,9.036628016993237
2020-11-27,9.13313906745156
2020-11-28,9.066163520660075
2020-11-29,9.01634389748013
2020-11-30,9.196144944551243
2020-12-01,9.031568557316946
2020-12-02,9.078185004653859
2020-12-03,9.088003045692314
2020-12-04,9.113110651000628
2020-12-05,9.092818545856948
2020-12-06,9.10961157482382
2020-12-07,9.118925305199644
2020-12-08,9.114131296212406
2020-12-09,9.125566207168383
2020-12-10,9.00441553969817
2020-12-11,9.147895328306223
2020-12-12,9.058119530911549
2020-12-13,9.022529402468768
2020-12-14,9.202466456522327
2020-12-15,9.071677777119517
2020-12-16,9.147517593673173
2020-12-17,9.10248179465667
2020-12-18,9.109786433629155
2020-12-19,9.170505510291303
2020-12-20,9.0965367067201
2020-12-21,9.170218006395185
2020-12-22,9.17326540595243
2020-12-23,9.215108812359698
2020-12-24,9.142739525893225
2020-12-25,9.21455019388908
2020-12-26,9.250932821112373
2020-12-27,9.246914298945727
2020-12-28,9.199570209542493
2020-12-29,9.19541390123188
2020-12-30,9.318119621577518
2020-12-31,9.28994796752467
2021-01-01,9.142700601422927
2021-01-02,9.229903193348067
2021-01-03,9.21650993906984
2021-01-04,9.192711527269799
2021-01-05,9.19944586830042
2021-01-06,9.218846513571831
2021-01-07,9.243996076117984
2021-01-08,9.210730415589277
2021-01-09,9.219437242757293
2021-01-10,9.274701062252282
2021-01-11,9.223616396661278
2021-01-12,9.237606691393044
2021-01-13,9.262480099575878
2021-01-14,9.297231590962589
2021-01-15,9.279506247254142
2021-01-16,9.239585545731456
2021-01-17,9.233670050670623
2021-01-18,9.16463648224679
2021-01-19,9.24293910056416
2021-01-20,9.178977757754447
2021-01-21,9.18211454300481
2021-01-22,9.268301270409317
2021-01-23,9.233184362340069
2021-01-24,9.264238237725205
2021-01-25,9.211670354548511
2021-01-26,9.305444733591248
2021-01-27,9.254913516870655
2021-01-28,9.309425134864416
2021-01-29,9.285997081676822
2021-01-30,9.262845475918907
2021-01-31,9.23288535698427
2021-02-01,9.260585663937343
2021-02-02,9.302578346976189
2021-02-03,9.298196362547825
2021-02-04,9.205637156652045
2021-02-05,9.318769820159472
2021-02-06,9.25882522796222
2021-02-07,9.312283472529447
2021-02-08,9.23860947388628
2021-02-09,9.307303386641903
2021-02-10,9.237470104959133
2021-02-11,9.28561817693727
2021-02-12,9.266060269948866
2021-02-13,9.268454586432428
2021-02-14,9.256134589373856
2021-02-15,9.278474280599307
2021-02-16,9.200768608918693
2021-02-17,9.333234549843157
2021-02-18,9.339049532286426
2021-02-19,9.270342878258464
2021-02-20,9.224965269098899
2021-02-21,9.263043366553056
2021-02-22,9.344139132478569
2021-02-23,9.329367165758752
2021-02-24,9.284358668022668
2021-02-25,9.345477208747052
2021-02-26,9.249727871348483
2021-02-27,9.272309273276697
2021-02-28,9.327760814156438
2021-03-01,9.300273783499103
2021-03-02,9.27659626912973
2021-03-03,9.181387862457255
2021-03-04,9.341439851485656
2021-03-05,9.324897517540563
2021-03-06,9.222344839894074
2021-03-07,9.340233454069557
2021-03-08,9.310171441715145
2021-03-09,9.325449653240458
2021-03-10,9.35933127868546
2021-03-11,9.275586011970347
2021-03-12,9.348711953565969
2021-03-13,9.34762414116264
2021-03-14,9.351848871112484
2021-03-15,9.39585615993654
2021-03-16,9.347223729427453
2021-03-17,9.286380757341675
2021-03-18,9.404492285517298
2021-03-19,9.259264368706722
2021-03-20,9.291493018348113
2021-03-21,9.266346963081391
2021-03-22,9.30931550276302
2021-03-23,9.368389256841418
2021-03-24,9.378933825874007
2021-03-25,9.336927966500696
2021-03-26,9.282931306839048
2021-03-27,9.285309672773636
2021-03-28,9.282361716052883
2021-03-29,9.359635271423837
2021-03-30,9.266078813856366
2021-03-31,9.353985416867937
2021-04-01,9.308423471879783
2021-04-02,9.317890537679707
2021-04-03,9.384049452471075
2021-04-04,9.283813144365116
2021-04-05,9.38972338874383
2021-04-06,9.235162298957936
2021-04-07,9.26333565391151
2021-04-08,9.224534200899003
2021-04-09,9.264935744609204
2021-04-10,9.330181273732467
2021-04-11,9.336627358878765
2021-04-12,9.313724976019921
2021-04-13,9.310327861674997
2021-04-14,9.236835911366137
2021-04-15,9.227631822566943
2021-04-16,9.307581456679012
2021-04-17,9.358133483090388
2021-04-18,9.270835474703885
2021-04-19,9.223856492633642
2021-04-20,9.208806191064417
2021-04-21,9.249567166709268
2021-04-22,9.360650608941828
2021-04-23,9.269304582717668
2021-04-24,9.225757373934897
2021-04-25,9.245089206015162
2021-04-26,9.249239325277598
2021-04-27,9.284497103862341
2021-04-28,9.235961932916931
2021-04-29,9.22215900805347
2021-04-30,9.254895738641096
2021-05-01,9.28531855185762
2021-05-02,9.295274010704773
2021-05-03,9.284434056274081
2021-05-04,9.231467611310242
2021-05-05,9.166973516117956
2021-05-06,9.209136928548906
2021-05-07,9.260553200713368
2021-05-08,9.17690537056148
2021-05-09,9.253408304290856
2021-05-10,9.208421568754476
2021-05-11,9.20590863060826
2021-05-12,9.288042717781629
2021-05-13,9.240009266635147
2021-05-14,9.294546105258268
2021-05-15,9.17598738067879
2021-05-16,9.276360586413771
2021-05-17,9.262108511417983
2021-05-18,9.063693500081008
2021-05-19,9.20577816481618
2021-05-20,9.284010636610546
2021-05-21,9.242470408634285
2021-05-22,9.17813077776539
2021-05-23,9.185148561144455
2021-05-24,9.128189623502092
2021-05-25,9.200174204531688
2021-05-26,9.09668283859332
2021-05-27,9.132023133390062
2021-05-28,9.23515971232622
2021-05-29,9.17455310214768
2021-05-30,9.153757598634122
2021-05-31,9.162949438308727
2021-06-01,9.30162520438405
2021-06-02,9.21254570684259
2021-06-03,9.11823122350034
2021-06-04,9.236549841733963
2021-06-05,9.144944650294832
2021-06-06,9.182516179794527
2021-06-07,9.112319559069764
2021-06-08,9.090854770672772
2021-06-09,9.173916365673367
2021-06-10,9.091427173059822
2021-06-11,9.086834945953836
2021-06-12,9.16680142540987
2021-06-13,9.059795595521846
2021-06-14,9.042907227399127
2021-06-15,9.137075743301565
2021-06-16,9.00776553056759
2021-06-17,9.064094291331823
2021-06-18,9.079304591327537
2021-06-19,9.026214221284954
2021-06-20,9.0334900643947
2021-06-21,9.118521600885519
2021-06-22,9.095708318024872
2021-06-23,9.02964815291243
2021-06-24,9.09924742554815
2021-06-25,9.144568860043156
2021-06-26,9.000309220847432
2021-06-27,9.063312471781892
2021-06-28,9.154897233855298
2021-06-29,9.082434076871236
2021-06-30,9.088354204880776
2021-07-01,9.033484651295451
2021-07-02,8.999400923070509
2021-07-03,9.092275031765976
2021-07-04,9.063601560487136
2021-07-05,9.024150569957428
2021-07-06,8.999274927416895
2021-07-07,8.930975022932762
2021-07-08,9.021981769161178
2021-07-09,8.975432610223269
2021-07-10,8.999264955951348
2021-07-11,9.035254500191751
2021-07-12,9.038563576519257
2021-07-13,9.029381853685177
2021-07-14,9.102065041526306
2021-07-15,9.043460425229293
2021-07-16,8.943806912743993
2021-07-17,8.93611668771825
2021-07-18,9.089375908443234
2021-07-19,8.93575526029669
2021-07-20,8.962685581564617
2021-07-21,9.048124639633757
2021-07-22,9.042656337693886
2021-07-23,8.95018828371157
2021-07-24,8.961067817164215
2021-07-25,8.863288360505143
2021-07-26,8.895722878963648
2021-07-27,8.918998106065889
2021-07-28,8.933123990033156
2021-07-29,8.913413017685551
2021-07-30,8.933392802546514
2021-07-31,9.031640164087941
2021-08-01,8.941477934983109
2021-08-02,8.929981760624289
2021-08-03,8.910953812414311
2021-08-04,8.898614661106413
2021-08-05,8.965237131405392
2021-08-06,8.850439853572704
2021-08-07,8.890170976789955
2021-08-08,8.838142954114952
2021-08-09,8.893805818230067
2021-08-10,8.891955831131485
2021-08-11,8.928619885509717
2021-08-12,8.93910693716279
2021-08-13,8.90904519619849
2021-08-14,8.953712659647708
2021-08-15,8.948772920022245
2021-08-16,8.881904839194728
2021-08-17,8.881635212021886
2021-08-18,8.763027281035832
2021-08-19,8.872770259317285
2021-08-20,8.853464182862737
2021-08-21,8.766299267723156
2021-08-22,8.826205265822345
2021-08-23,8.892742227823112
2021-08-24,8.78007533624029
2021-08-25,8.903851819095108
2021-08-26,8.860182230585185
2021-08-27,8.822309255492916
2021-08-28,8.823947664319618
2021-08-29,8.869945293116551
2021-08-30,8.754314226261597
2021-08-31,8.925407670384363
2021-09-01,8.780235383593318
2021-09-02,8.780230645732251
2021-09-03,8.877173818770283
2021-09-04,8.85333125685273
2021-09-05,8.877844547379086
2021-09-06,8.861673875548318
2021-09-07,8.82604844391437
2021-09-08,8.741317645728977
2021-09-09,8.779457840601626
2021-09-10,8.811039946095562
2021-09-11,8.798332514734868
2021-09-12,8.694682039711807
2021-09-13,8.847727190202441
2021-09-14,8.8803063060743
2021-09-15,8.86525302140736
2021-09-16,8.739511458069341
2021-09-17,8.81061632047152
2021-09-18,8.68096423126709
2021-09-19,8.87031903920527
2021-09-20,8.687411339362688
2021-09-21,8.803575928229625
2021-09-22,8.839883211257124
2021-09-23,8.845082643432686
2021-09-24,8.796536150379412
2021-09-25,8.706935054634176
2021-09-26,8.772097674119014
2021-09-27,8.76273851305214
2021-09-28,8.793629508582214
2021-09-29,8.823715161622596
2021-09-30,8.806605455756152
2021-10-01,8.878819048120333
2021-10-02,8.805084835356631
2021-10-03,8.751944740145674
2021-10-04,8.852297135998207
2021-10-05,8.754543469564853
2021-10-06,8.783893868564407
2021-10-07,8.77842943199792
2021-10-08,8.654377732071838
2021-10-09,8.782587865337083
2021-10-10,8.78298510069198
2021-10-11,8.757852600209116
2021-10-12,8.761156598303279
2021-10-13,8.703942022955744
2021-10-14,8.772284565152788
2021-10-15,8.843364605507572
2021-10-16,8.759469274438665
2021-10-17,8.742398120833853
2021-10-18,8.73834657993611
2021-10-19,8.86987270695774
2021-10-20,8.701597787690527
2021-10-21,8.81200514121068
2021-10-22,8.77578163373737
2021-10-23,8.866764598514038
2021-10-24,8.83684675237031
2021-10-25,8.767485864746673
2021-10-26,8.695500794054912
2021-10-27,8.844782431539802
2021-10-28,8.84698215220937
2021-10-29,8.71966726121687
2021-10-30,8.81305882157528
2021-10-31,8.736695514167389
2021-11-01,8.738912430395292
2021-11-02,8.698295272903783
2021-11-03,8.826495567241567
2021-11-04,8.794545907837707
2021-11-05,8.806902912493243
2021-11-06,8.856038796465581
2021-11-07,8.818131500437861
2021-11-08,8.81526111754598
2021-11-09,8.82487625960711
2021-11-10,8.735609803093283
2021-11-11,8.78858656706625
2021-11-12,8.731513115033529
2021-11-13,8.748391174994353
2021-11-14,8.790400227196082
2021-11-15,8.849732541194749
2021-11-16,8.901238144839397
2021-11-17,8.745798522777823
2021-11-18,8.810496156230924
2021-11-19,8.800095538533233
2021-11-20,8.831853477718552
2021-11-21,8.83650126755422
2021-11-22,8.827428566955838
2021-11-23,8.762912282096222
2021-11-24,8.833004541809515
2021-11-25,8.859922013829562
2021-11-26,8.79170546479829
2021-11-27,8.918386166037248
2021-11-28,8.809867913898648
2021-11-29,8.792088100753219
2021-11-30,8.840798620078441
2021-12-01,8.815328897501896
2021-12-02,8.762107697824845
2021-12-03,8.831444837858964
2021-12-04,8.914851609874928
2021-12-05,8.9375334783524
2021-12-06,8.811420812255903
2021-12-07,8.887427362956204
2021-12-08,8.851204646921646
2021-12-09,8.861209903144601
2021-12-10,8.912843441277937
2021-12-11,8.894558726360561
2021-12-12,8.86217144312694
2021-12-13,8.810537520274208
2021-12-14,8.803313075647736
2021-12-15,8.85886569208537
2021-12-16,8.880817861277071
2021-12-17,8.892381520151133
2021-12-18,8.908921268619725
2021-12-19,8.921415084830363
2021-12-20,8.754907176370212
2021-12-21,8.92286936580418
2021-12-22,8.827971449839518
2021-12-23,8.938702901929004
2021-12-24,8.902495459843456
2021-12-25,8.919862128638485
2021-12-26,8.86396485489333
2021-12-27,8.90782580757127
2021-12-28,8.803018789261671
2021-12-29,8.953830984998921
2021-12-30,8.885217993137443
2021-12-31,8.774998211371543
2022-01-01,8.96021869983959
2022-01-02,8.993674484395036
2022-01-03,8.868718558174725
2022-01-04,8.975846705012781
2022-01-05,8.880405537366958
2022-01-06,8.807244282980344
2022-01-07,8.905346585065804
2022-01-08,8.942211801634608
2022-01-09,8.935238170026459
2022-01-10,8.936387000548148
2022-01-11,8.948664583906288
2022-01-12,8.947296407016799
2022-01-13,8.928279736102278
2022-01-14,8.911612458030268
2022-01-15,8.93097721494505
2022-01-16,8.929254226310475
2022-01-17,8.934246203328339
2022-01-18,8.896782046103352
2022-01-19,8.927319310661389
2022-01-20,8.961060611719258
2022-01-21,8.974900517130681
2022-01-22,8.958687433188194
2022-01-23,8.955143282335353
2022-01-24,8.99346331313061
2022-01-25,9.009854999976428
2022-01-26,9.005501583680728
2022-01-27,8.886342510124662
2022-01-28,8.953381520478281
2022-01-29,9.01372084304776
2022-01-30,9.006465946701091
2022-01-31,9.016915314133307
2022-02-01,9.000840916984137
2022-02-02,8.94461403911455
2022-02-03,9.050554758985431
2022-02-04,8.923550002094833
2022-02-05,9.042886663671627
2022-02-06,8.994814925002208
2022-02-07,8.924000631793183
2022-02-08,8.979789003457391
2022-02-09,9.061711266113193
2022-02-10,8.973992672137182
2022-02-11,8.944733272041855
2022-02-12,8.992635302625171
2022-02-13,8.967942523376584
2022-02-14,8.948047009120236
2022-02-15,9.034143179551446
2022-02-16,9.053822015335221
2022-02-17,8.987931050841794
2022-02-18,9.043259405642516
2022-02-19,8.999243277683101
2022-02-20,9.01508035046472
2022-02-21,9.027662007121961
2022-02-22,9.09753564959154
2022-02-23,9.049582126876528
2022-02-24,8.975533747169875
2022-02-25,9.052517988055788
2022-02-26,9.016855552181536
2022-02-27,9.005736125914131
2022-02-28,8.988155440474527
2022-03-01,9.02986949338477
2022-03-02,9.029163988851419
2022-03-03,9.012998187283866
2022-03-04,8.964434724078407
2022-03-05,8.949465868745486
2022-03-06,9.042003237450642
2022-03-07,9.045240463965206
2022-03-08,9.14615912054894
2022-03-09,9.028687820431852
2022-03-10,9.089255878843504
2022-03-11,9.098453594862036
2022-03-12,9.036093461612714
2022-03-13,9.043384540263611
2022-03-14,9.01839395381385
2022-03-15,9.128929388088713
2022-03-16,8.964978435255201
2022-03-17,9.038589391955014
2022-03-18,9.109892270743819
2022-03-19,9.035359049348546
2022-03-20,9.012195379605346
2022-03-21,9.052327637007135
2022-03-22,9.066915999902506
2022-03-23,9.068763502893486
2022-03-24,9.054239750307016
2022-03-25,9.07736970822365
2022-03-26,9.086798969346308
2022-03-27,8.983759613590468
2022-03-28,9.019689988151644
2022-03-29,9.081590860148184
2022-03-30,9.061949837889173
2022-03-31,9.048602165043011
2022-04-01,9.06979017659517
2022-04-02,9.083008727320419
2022-04-03,8.991674236850965
2022-04-04,8.972345680989058
2022-04-05,8.975065942430486
2022-04-06,9.124681694911695
2022-04-07,8.977965266474202
2022-04-08,9.017837471455096
2022-04-09,9.019113980385722
2022-04-10,9.078703233660598
2022-04-11,8.9389379072138
2022-04-12,9.022535856826815
2022-04-13,9.083805737462429
2022-04-14,9.077360304839306
2022-04-15,9.040552070463345
2022-04-16,9.00545305846393
2022-04-17,9.104740363085101
2022-04-18,8.931557910424434
2022-04-19,9.062446793752015
2022-04-20,9.036992165912466
2022-04-21,9.039264643188613
2022-04-22,9.021076915873694
2022-04-23,9.016063623494903
2022-04-24,9.050306998956094
2022-04-25,8.944023565319117
2022-04-26,8.937202033093762
2022-04-27,9.00545215139671
2022-04-28,8.997683351708083
2022-04-29,9.000952051432279
2022-04-30,9.06993129357177
2022-05-01,8.959032624478088
2022-05-02,9.023100816893635
2022-05-03,9.002242897175995
2022-05-04,9.098783634439062
2022-05-05,8.907731090972614
2022-05-06,8.947875436304432
2022-05-07,8.949622685876188
2022-05-08,9.035730336195446
2022-05-09,8.925894471128187
2022-05-10,9.046930572717423
2022-05-11,9.041035300468412
2022-05-12,9.001461056453481
2022-05-13,8.977054493680832
2022-05-14,8.874337443698378
2022-05-15,8.958170561949109
2022-05-16,8.874403000398575
2022-05-17,8.924636227953565
2022-05-18,8.949711732267327
2022-05-19,8.920861187984462
2022-05-20,8.980552753803087
2022-05-21,8.923221788747666
2022-05-22,8.848880781108491
2022-05-23,8.869898275904777
2022-05-24,8.855759699586384
2022-05-25,8.900151117668644
2022-05-26,8.974833742033844
2022-05-27,8.934188829524963
2022-05-28,8.922290024410193
2022-05-29,8.837425341212079
2022-05-30,9.016500150255885
2022-05-31,8.892944892880143
2022-06-01,9.011489193779564
2022-06-02,8.843528291517819
2022-06-03,8.854734024731584
2022-06-04,9.00930848525106
2022-06-05,8.821747754755737
2022-06-06,8.892578680689335
2022-06-07,8.850853874512458
2022-06-08,8.823190009632386
2022-06-09,8.96798776896974
2022-06-10,8.805778014515878
2022-06-11,8.89688565833687
2022-06-12,8.903238396854364
2022-06-13,8.793422030761066
2022-06-14,8.74512161947206
2022-06-15,8.746904085149144
2022-06-16,8.791893494940108
2022-06-17,8.838926864131112
2022-06-18,8.840472059981018
2022-06-19,8.810140298601754
2022-06-20,8.810207317760693
2022-06-21,8.860043378911032
2022-06-22,8.845606370167193
2022-06-23,8.821984494112796
2022-06-24,8.768037847869316
2022-06-25,8.833596633468387
2022-06-26,8.799603651743478
2022-06-27,8.74897098120751
2022-06-28,8.753332929154656
2022-06-29,8.83942152686894
2022-06-30,8.866067103333174
2022-07-01,8.7431190047272
2022-07-02,8.661508759689044
2022-07-03,8.79059268940004
2022-07-04,8.711865228497121
2022-07-05,8.789464693788762
2022-07-06,8.729856906301242
2022-07-07,8.85595426487312
2022-07-08,8.74591173950053
2022-07-09,8.781273840035398
2022-07-10,8.671218039334471
2022-07-11,8.586854215585806
2022-07-12,8.730443053682464
2022-07-13,8.732643016266236
2022-07-14,8.751439863224752
2022-07-15,8.683626982615808
2022-07-16,8.642631952828701
2022-07-17,8.623120071631464
2022-07-18,8.726738474477282
2022-07-19,8.730549171044292
2022-07-20,8.647217488799726
2022-07-21,8.660593010759996
2022-07-22,8.646594328384957
2022-07-23,8.58427256755393
2022-07-24,8.685039500051362
2022-07-25,8.71345768796815
2022-07-26,8.65608588498144
2022-07-27,8.592250503867106
2022-07-28,8.649603960863342
2022-07-29,8.72391323254784
2022-07-30,8.758386463082635
2022-07-31,8.661573001884497
2022-08-01,8.60492689703163
2022-08-02,8.541380684742949
2022-08-03,8.559678746436242
2022-08-04,8.62887872037533
2022-08-05,8.640991229433288
2022-08-06,8.638947977857402
2022-08-07,8.609414136299185
2022-08-08,8.54188376695939
2022-08-09,8.536739593175689
2022-08-10,8.619482589764274
2022-08-11,8.567479222533306
2022-08-12,8.670578689727426
2022-08-13,8.52905939838646
2022-08-14,8.68306764800498
2022-08-15,8.562136004040589
2022-08-16,8.603409411388473
2022-08-17,8.600239021884084
2022-08-18,8.568754044656245
2022-08-19,8.482197013377778
2022-08-20,8.555712047764002
2022-08-21,8.652960094647295
2022-08-22,8.509847960189632
2022-08-23,8.478878628647577
2022-08-24,8.55718343423625
2022-08-25,8.544697964118658
2022-08-26,8.497913233273218
2022-08-27,8.52221308079502
2022-08-28,8.533123131059957
2022-08-29,8.533918271259077
2022-08-30,8.560135687883458
2022-08-31,8.584815792533915
2022-09-01,8.566373161856934
2022-09-02,8.561695301119459
2022-09-03,8.626255613215578
2022-09-04,8.59470685788067
2022-09-05,8.392046011450235
2022-09-06,8.517329786201975
2022-09-07,8.45451419447688
2022-09-08,8.496793086381539
2022-09-09,8.567766585873978
2022-09-10,8.517171728188952
2022-09-11,8.503885236621068
2022-09-12,8.58928281375128
2022-09-13,8.446431081682316
2022-09-14,8.515171521998008
2022-09-15,8.545599260943188
2022-09-16,8.517724231150385
2022-09-17,8.456767277455205
2022-09-18,8.512273813858966
2022-09-19,8.552306797402865
2022-09-20,8.52838074004153
2022-09-21,8.525048117882772
2022-09-22,8.52323968483099
2022-09-23,8.513389198004969
2022-09-24,8.443387641052848
2022-09-25,8.48887550429769
2022-09-26,8.524811404949942
2022-09-27,8.346542033162114
2022-09-28,8.539183505450522
2022-09-29,8.51731214205634
2022-09-30,8.445407482623294
2022-10-01,8.461533771767906
2022-10-02,8.4879532843126
2022-10-03,8.518170420047914
2022-10-04,8.478209882574607
2022-10-05,8.554733084738524
2022-10-06,8.51657003016831
2022-10-07,8.456175021913968
2022-10-08,8.47159326056541
2022-10-09,8.506238905368917
2022-10-10,8.53104486112533
2022-10-11,8.528451683261506
2022-10-12,8.48945431601095
2022-10-13,8.50175000653721
2022-10-14,8.493019404169722
2022-10-15,8.535430883978975
2022-10-16,8.445133583552167
2022-10-17,8.524759599575804
2022-10-18,8.402225928051518
2022-10-19,8.517683016035097
2022-10-20,8.508283659445683
2022-10-21,8.495852001776559
2022-10-22,8.389693633491747
2022-10-23,8.57516903737435
2022-10-24,8.542317095107324
2022-10-25,8.49928723922731
2022-10-26,8.521622648998562
2022-10-27,8.452444388345528
2022-10-28,8.525806683027849
2022-10-29,8.579029774827113
2022-10-30,8.443005923757712
2022-10-31,8.637484772291861
2022-11-01,8.481988554232002
2022-11-02,8.546244394050948
2022-11-03,8.46465782330377
2022-11-04,8.526622824701176
2022-11-05,8.444594013036586
2022-11-06,8.476578405477545
2022-11-07,8.499384461137886
2022-11-08,8.47935495571178
2022-11-09,8.501454123832408
2022-11-10,8.563749095019105
2022-11-11,8.452568619295297
2022-11-12,8.458151590619726
2022-11-13,8.521852849798128
2022-11-14,8.492894625240437
2022-11-15,8.47256376400998
2022-11-16,8.531042140169617
2022-11-17,8.497952894667973
2022-11-18,8.54474970175614
2022-11-19,8.527766113297071
2022-11-20,8.52154400800329
2022-11-21,8.530081832076739
2022-11-22,8.586582586006726
2022-11-23,8.60308939060238
2022-11-24,8.53140361272559
2022-11-25,8.489920356222187
2022-11-26,8.46792348284173
2022-11-27,8.433912068716928
2022-11-28,8.488928831969238
2022-11-29,8.507278182083644
2022-11-30,8.5494659472425
2022-12-01,8.46029448686874
2022-12-02,8.628063955124906
2022-12-03,8.612043521002079
2022-12-04,8.62343806228085
2022-12-05,8.53787540827106
2022-12-06,8.578086004862689
2022-12-07,8.520908473371943
2022-12-08,8.648181708987329
2022-12-09,8.512477375063238
2022-12-10,8.549906671018475
2022-12-11,8.649239000229171
2022-12-12,8.705059084504535
2022-12-13,8.578501467140683
2022-12-14,8.564913462970475
2022-12-15,8.462823057286958
2022-12-16,8.676272852258217
2022-12-17,8.608745090966075
2022-12-18,8.501738816454093
2022-12-19,8.642116729592567
2022-12-20,8.63186813183817
2022-12-21,8.586090424523194
2022-12-22,8.57856507675119
2022-12-23,8.645618795961239
2022-12-24,8.623473566665332
2022-12-25,8.638788876379275
2022-12-26,8.678448935462292
2022-12-27,8.67946579570186
2022-12-28,8.660518130033076
2022-12-29,8.654445945896281
2022-12-30,8.563963750408778
2022-12-31,8.57479232429034
2023-01-01,8.6741837145851
2023-01-02,8.668308993513039
2023-01-03,8.664547177569952
2023-01-04,8.68334162674247
2023-01-05,8.616306199115343
2023-01-06,8.674929542616429
2023-01-07,8.59991021469988
2023-01-08,8.655137042571344
2023-01-09,8.701139967582215
2023-01-10,8.623476936207624
2023-01-11,8.757601894221265
2023-01-12,8.719285655058417
2023-01-13,8.73380006552443
2023-01-14,8.657236763154144
2023-01-15,8.600932841976112
2023-01-16,8.638021419610387
2023-01-17,8.703088739610596
2023-01-18,8.664092622526898
2023-01-19,8.716630344833446
2023-01-20,8.690585104677186
2023-01-21,8.65605494047706
2023-01-22,8.734712701545366
2023-01-23,8.758026569572277
2023-01-24,8.656246415363402
2023-01-25,8.720840004574983
2023-01-26,8.705440355231662
2023-01-27,8.713995003904937
2023-01-28,8.697059458291156
2023-01-29,8.641917098681091
2023-01-30,8.777285324923144
2023-01-31,8.656858247242333
2023-02-01,8.667705081203856
2023-02-02,8.746217465379566
2023-02-03,8.72453332888875
2023-02-04,8.677840650236556
2023-02-05,8.68683446175467
2023-02-06,8.71381186355065
2023-02-07,8.701942290537332
2023-02-08,8.758036316215833
2023-02-09,8.669425779402768
2023-02-10,8.747691846114494
2023-02-11,8.807903189304902
2023-02-12,8.743255982969572
2023-02-13,8.690544657424452
2023-02-14,8.700538140521175
2023-02-15,8.740562572271958
2023-02-16,8.70881575212278
2023-02-17,8.803360791829775
2023-02-18,8.65117213111539
2023-02-19,8.826655825858529
2023-02-20,8.644929622774766
2023-02-21,8.745554499436434
2023-02-22,8.694835918823662
2023-02-23,8.791326402084929
2023-02-24,8.712900775296278
2023-02-25,8.696186190406161
2023-02-26,8.737026773114184
2023-02-27,8.734616767699587
2023-02-28,8.659505058264521
2023-03-01,8.780021370229607
2023-03-02,8.638652392576788
2023-03-03,8.818037227651203
2023-03-04,8.743601904066415
2023-03-05,8.808587878892942
2023-03-06,8.731689160122107
2023-03-07,8.722787929480162
2023-03-08,8.795703149781557
2023-03-09,8.734527039549622
2023-03-10,8.686917427363166
2023-03-11,8.760452621490714
2023-03-12,8.696406375624612
2023-03-13,8.765012185511688
2023-03-14,8.834946172270053
2023-03-15,8.814417902849552
2023-03-16,8.766605686903382
2023-03-17,8.758398819520062
2023-03-18,8.750959907750543
2023-03-19,8.734978839254898
2023-03-20,8.784609005263674
2023-03-21,8.758902306884538
2023-03-22,8.747594698198604
2023-03-23,8.780006792720128
2023-03-24,8.665351804514794
2023-03-25,8.863802217760288
2023-03-26,8.797133665200299
2023-03-27,8.695528649672571
2023-03-28,8.770499961505445
2023-03-29,8.707765092922216
2023-03-30,8.736668476167466
2023-03-31,8.718229744983141
2023-04-01,8.816872330259553
2023-04-02,8.665477423756572
2023-04-03,8.742969976178433
2023-04-04,8.677352809935506
2023-04-05,8.757840590927858
2023-04-06,8.741975644078424
2023-04-07,8.686463955786651
2023-04-08,8.827666604849291
2023-04-09,8.832673097736121
2023-04-10,8.725054156799468
2023-04-11,8.778063428290402
2023-04-12,8.743171989969593
2023-04-13,8.761371412044973
2023-04-14,8.824334921463208
2023-04-15,8.732767496580326
2023-04-16,8.83422144353958
2023-04-17,8.728559504610091
2023-04-18,8.73659062906148
2023-04-19,8.833976458397196
2023-04-20,8.75145718787455
2023-04-21,8.634228783811125
2023-04-22,8.74513967463512
2023-04-23,8.667825011160037
2023-04-24,8.64675051100109
2023-04-25,8.680656718102636
2023-04-26,8.741946705938755
2023-04-27,8.667774163537178
2023-04-28,8.651125943210591
2023-04-29,8.6998940232355
2023-04-30,8.736753233338181
2023-05-01,8.679292234482107
2023-05-02,8.64632611610008
2023-05-03,8.600498937816639
2023-05-04,8.667758446454219
2023-05-05,8.746168902158612
2023-05-06,8.751393359806928
2023-05-07,8.738065816683035
2023-05-08,8.68704868578283
2023-05-09,8.699471025384259
2023-05-10,8.753531651546853
2023-05-11,8.64380906998009
2023-05-12,8.702497259240621
2023-05-13,8.587753928396081
2023-05-14,8.712374292779279
2023-05-15,8.652623991196322
2023-05-16,8.61426806811258
2023-05-17,8.707522301375759
2023-05-18,8.610108004522525
2023-05-19,8.619053729555384
2023-05-20,8.735966450296852
2023-05-21,8.603492398414929
2023-05-22,8.619622697313627
2023-05-23,8.614851469033917
2023-05-24,8.684808223236793
2023-05-25,8.55029010821925
2023-05-26,8.70108733986051
2023-05-27,8.62284689044438
2023-05-28,8.615584289619278
2023-05-29,8.582973396552617
2023-05-30,8.616882447751262
2023-05-31,8.693990783642565
2023-06-01,8.627399236138539
2023-06-02,8.566385410767817
2023-06-03,8.591871647154163
2023-06-04,8.63216112059495
2023-06-05,8.60587676385616
2023-06-06,8.584890916605818
2023-06-07,8.624105840421885
2023-06-08,8.608028017400743
2023-06-09,8.532161044928687
2023-06-10,8.486351805970259
2023-06-11,8.603151374946806
2023-06-12,8.667008029574836
2023-06-13,8.529088590349797
2023-06-14,8.559045354680242
2023-06-15,8.629753205665855
2023-06-16,8.644967423130685
2023-06-17,8.55716848160558
2023-06-18,8.612299273687338
2023-06-19,8.583237382374039
2023-06-20,8.513794917003061
2023-06-21,8.436513486624275
2023-06-22,8.487840399695449
2023-06-23,8.547621305954264
